<?xml version="1.0" encoding="UTF-8"?>
<project-private xmlns="http://www.netbeans.org/ns/project-private/1">
    <editor-bookmarks xmlns="http://www.netbeans.org/ns/editor-bookmarks/2" lastBookmarkId="0"/>
    <open-files xmlns="http://www.netbeans.org/ns/projectui-open-files/2">
        <group>
            <file>file:/C:/Users/James/Documents/NetBeansProjects/NjAnnoyatron/src/njannoyatron/Subroutine.java</file>
            <file>file:/C:/Users/James/Documents/NetBeansProjects/NjAnnoyatron/src/njannoyatron/Bot.java</file>
            <file>file:/C:/Users/James/Documents/NetBeansProjects/NjAnnoyatron/src/njannoyatron/NjAnnoyatron.java</file>
            <file>file:/C:/Users/James/Documents/NetBeansProjects/NjAnnoyatron/src/njannoyatron/Jokes.java</file>
        </group>
    </open-files>
</project-private>
